Орлов Кондрат Елисеевич;Тихвин;бул. Выгонный, д. 3 к. 851;Юг-Авто;Тренд-вотчер;8 213 565 2802;maksimiljan28@mail.ru;1999-04-16;96651
Ефрем Матвеевич Фокин;Липецк;пр. Иркутский, д. 476;Северсталь;Мясник;+7 734 946 4514;galkintihon@mail.ru;1951-01-22;34345
Нонна Романовна Васильева;Териберка;ул. Иркутская, д. 56 к. 205;Иркутская нефтяная компания;Гинеколог;8 351 504 3247;emil2006@yahoo.com;1974-08-21;34979
Дмитрий Арсенович Горшков;Владикавказ;бул. Ключевой, д. 96 к. 40;Нефтьмагистраль;Безработный;8 (119) 291-11-01;nosovelizar@rambler.ru;1944-05-20;175545
Шилов Сильвестр Вячеславович;Нижний Новгород;бул. Энергетический, д. 607;Группа ЭПМ;Фуражир;8 498 482 7275;denis93@hotmail.com;1946-06-25;80211
Капитон Арсеньевич Котов;Нижневартовск;бул. Фрунзе, д. 7/8 стр. 7/5;Фортум (Fortum);Балетмейстер;+7 193 854 1245;seliverstovilja@yahoo.com;1971-01-20;156687
Алина Анатольевна Кулагина;Сальск;алл. Кедровая, д. 68;Зерно-трейд;Клинер;+7 057 304 0492;haritonovapraskovja@yandex.ru;1996-05-22;40209
Орест Якубович Гаврилов;Можайск;пер. Леваневского, д. 4 стр. 2;Кубанская нефтегазовая компания;Кок;8 (431) 106-85-23;matve_1972@mail.ru;1968-05-08;122922
Евдокия Игоревна Архипова;Ирбит;алл. Водопроводная, д. 1 к. 764;Тетра Пак (Tetra Pak);Манекенщица;+7 (155) 336-61-42;emilija2021@mail.ru;1985-04-11;41126
Баранов Евдоким Изотович;Магас;пр. Краснодарский, д. 47;Т2 РТК Холдинг;Аналитик;+7 (006) 919-0577;konon1970@yahoo.com;1940-08-07;170933
Гущина Лукия Кузьминична;Кяхта;пер. Невского, д. 2 к. 8/1;Ситибанк;Повар;+73516469861;antonovguri@gmail.com;1939-08-17;121561
Родионов Адриан Ильясович;Новосибирск;алл. Светлая, д. 9/3;Славнефть;Плиточник;8 356 910 1554;leon_2004@yandex.ru;1946-08-02;145447
Гремислав Валерианович Фомин;Осташков;бул. Алтайский, д. 645 к. 114;Гознак;Офтальмолог;8 903 193 8367;braginagalina@mail.ru;1998-05-28;61640
Феврония Павловна Носова;Абакан;пр. Волжский, д. 821 стр. 709;Новикомбанк;Ихтиолог;+7 798 071 50 16;tretjakovaevgenija@gmail.com;1992-11-24;136059
Сидор Федосеевич Дмитриев;Аргаяш;пр. Троицкий, д. 98;ГК Титан;Скульптор;+7 825 735 84 12;sobolevamvrosi@mail.ru;1936-06-12;160702
Лидия Тарасовна Гришина;Мценск;бул. Краснодарский, д. 8/6 к. 759;Энел Россия;Педагог;8 (525) 138-4486;artem15@mail.ru;1993-09-23;116634
Жукова Синклитикия Валериевна;Якутск;ул. 60 лет СССР, д. 553 к. 27;АльфаСтрахование;Киномеханик;+7 601 693 64 33;trofimovamarina@yandex.ru;1970-01-22;157966
Пономарев Амвросий Иосифович;Златоуст;ул. Ленинская, д. 6;Кордиант;Модель;+7 245 049 8980;lev2020@mail.ru;2001-02-14;136250
Галина Вячеславовна Боброва;Джейрах;бул. Гайдара, д. 67 к. 7;САП СНГ (SAP);Токарь-карусельщик;88549716587;martin_43@yandex.ru;1998-03-04;144953
Юлий Ярославович Комиссаров;Саратов;алл. Л.Толстого, д. 38 стр. 12;Компания Газ-Альянс;Инженер-технолог;+7 594 971 14 99;medvedevgremislav@yahoo.com;1939-11-18;89122
Олимпиада Валериевна Артемьева;Калевала;ш. Больничное, д. 7/8;Мазда Мотор Рус (Mazda);Грейдерист;80571879729;baranovonufri@rambler.ru;1936-04-12;83080
тов. Зимина Нина Андреевна;Архыз;алл. Мелиоративная, д. 6/1 к. 6;ГК ЕКС;Гинеколог;+7 (167) 376-1029;nazar2006@hotmail.com;1962-09-14;29799
Куприян Ефимьевич Харитонов;Псебай;бул. Озерный, д. 278 стр. 8/5;Завод имени Дегтярева;Проректор;+7 (330) 365-5993;kmjasnikova@gmail.com;1986-08-03;119341
Савватий Харлампьевич Кузьмин;Подольск;пр. Никитина, д. 8/1 к. 4/7;Группа Магнезит;Маклер биржевой;8 913 363 70 49;nazarovspartak@yahoo.com;1949-06-19;178239
Елена Тимофеевна Афанасьева;Баргузин;ул. Ленина, д. 4/4 к. 65;Такеда Фармасьютикалс (Takeda Pharmaceutical);Фрезеровщик;+7 083 088 19 30;fedor_09@yahoo.com;1942-03-20;143123
Агата Владимировна Дмитриева;Джубга;ш. Кольцевое, д. 4 стр. 7/9;СК Согласие;Прокурор;8 365 362 6256;adrian61@hotmail.com;1982-03-16;35838
Аникей Тихонович Бобров;Андреаполь;ул. Мельничная, д. 962 стр. 5;ОХК Уралхим;Дилер;+7 (605) 439-91-89;teterinaviktorija@mail.ru;1978-11-26;190319
Рогов Эраст Анисимович;Сибай;ул. Крупской, д. 149 к. 8/6;Металлоторг;Продавец;8 (703) 578-4175;kalininkuprijan@rambler.ru;1964-01-28;72186
Горбачев Изот Игнатович;Надым;ул. Пирогова, д. 240 к. 983;Сибирская горно-металлургическая компания;Расточник;+7 (903) 363-46-08;davidkuzmin@gmail.com;2003-06-03;47065
Анисимов Ладимир Елизарович;Кизилюрт;наб. Поселковая, д. 6/6 к. 83;Росморпорт;Доула;+77694981588;zosima_2005@rambler.ru;1971-09-04;86080
Блинова Любовь Эдуардовна;Нарткала;ул. Красных Партизан, д. 8;ГСЛ;Заточник;+7 (169) 554-79-94;vladislav1995@yandex.ru;1970-08-11;76632
Филатова Варвара Романовна;Каменск-Уральский;алл. Трудовая, д. 37;Р-Фарм;Пограничник;+7 (998) 810-5779;timofeevaanastasija@rambler.ru;1979-11-02;186567
Панфилов Бронислав Васильевич;Байкальск;ул. Целинная, д. 404;171 Меридиан;Мастер педикюра;8 (925) 499-50-66;filippovaklavdija@hotmail.com;1945-07-10;162206
Крылов Сильвестр Викторович;Внуково (метеост.);пр. Ленский, д. 9/5;ГМК Сплав;Финансист;8 (075) 673-0069;sofija_59@yahoo.com;1962-05-15;109115
Горбунов Василий Валерьянович;Гусь-Хрустальный;наб. Добролюбова, д. 1 к. 2/5;Московский аэропорт Домодедово;Монтажник;+7 (221) 746-8928;irakli_34@gmail.com;1993-06-05;50915
Кудряшова Варвара Юльевна;Медногорск;пр. Балтийский, д. 2/5 к. 31;Мосинжпроект;Физик;+7 075 893 1957;shashkovanadezhda@hotmail.com;1970-10-03;179222
Алевтина Валентиновна Панфилова;Буденновск;пр. Чкалова, д. 50 стр. 6/4;Фортум (Fortum);Семейный врач;81528313707;shashkovaelena@mail.ru;1957-11-06;32174
Цветков Борис Давыдович;Псебай;наб. Крылова, д. 86 стр. 6/3;ВО ЖДТ России;Зенитчик;+7 039 608 73 30;bogdanvinogradov@hotmail.com;1973-12-05;76840
Рябова Евгения Александровна;Партизанск;ул. Краснофлотская, д. 70 к. 6/4;ПТК Уголь;Военно-полевой хирург;8 040 053 2839;romanoviosif@hotmail.com;1944-02-01;84790
Потапов Нестор Артемьевич;Токма;пр. Кольцевой, д. 199;Марс (Mars);Политолог;+7 442 593 78 87;roman2016@gmail.com;1964-11-27;38187
Шарова Алла Антоновна;Джейрах;ш. Загородное, д. 12 к. 87;Нефтепродукттрейд;Шорник;8 824 733 59 18;voronovdobromisl@gmail.com;1941-12-27;46807
Рогова Феврония Тарасовна;Кедровый;пр. Новостройка, д. 8/1;Самсунг Электроникс Рус Калуга (Samsung);Кнопочник;8 060 573 91 93;mina1997@mail.ru;2001-12-19;166912
Зиновьева София Дмитриевна;Глазов;алл. Маркса Карла, д. 276 стр. 71;ГК Транстехсервис;Шифровальщик;+7 055 065 2226;dementevaevfrosinija@mail.ru;2003-03-28;165028
Анисимова Анастасия Борисовна;Киров (Вятка);пр. Советов, д. 7/7;Автозаправочные комплексы Atan;Зоолог;+7 532 002 1779;polikarp57@mail.ru;1962-10-07;52505
Людмила Антоновна Кириллова;Агинское (Забайк.);бул. Кавказский, д. 680 стр. 557;Российские железные дороги;Нейрохирург;+7 (662) 603-98-76;beljakovpimen@mail.ru;1944-03-19;109338
Воронцов Мартын Игнатович;Александровск-Сахалинский;ш. Ветеранов, д. 794 стр. 9;Гиперглобус (Bruch-Beteiligungs);Гидролог;8 (065) 342-26-40;vladimir07@yandex.ru;2001-07-15;192316
Сорокина Антонина Степановна;Токма;пр. Мичурина, д. 795 стр. 1/6;Сэтл групп;Системный администратор;+7 476 251 0790;martin1993@yahoo.com;1949-03-31;89476
Исаев Фома Всеволодович;Усолье Сибирское;пер. Розы Люксембург, д. 35;Хенкель Рус (Henkel);Сомелье;88009861927;nazarovjakov@yandex.ru;1943-10-08;167856
Прасковья Вадимовна Белова;Томпа;пр. Набережный, д. 33;Группа компаний Пионер;Диспетчер;8 (617) 402-29-30;fortunat_71@gmail.com;1995-10-23;98263
Данилов Михаил Ерофеевич;Чокурдах;наб. Вавилова, д. 48 стр. 274;ФГ Будущее;Водитель;+72795080250;dmitrievstojan@yandex.ru;1957-10-30;75136
Феофан Измаилович Волков;Суздаль;ш. Чайкиной, д. 6/2 стр. 1;Корпорация ВСМПО-АВИСМА;Токсиколог;+7 334 402 8367;silafilatov@mail.ru;1962-04-26;127926
Наумова Лукия Геннадиевна;Серов;алл. Монтажников, д. 4/3;DDS;Инженер-лесотехник;81071648848;kira_2006@yahoo.com;2001-02-13;187695
тов. Шашков Радислав Антонович;Уфа;наб. Беляева, д. 2 к. 14;Сегежа;Гидролог;8 (683) 144-44-35;ignatevaraisa@rambler.ru;1949-11-04;41115
Нинель Тарасовна Кулакова;Вендинга;пер. Волочаевский, д. 405 к. 81;Данон  (Danone);Администратор базы данных;8 892 219 5084;nikola2018@gmail.com;2003-12-02;105594
Филарет Германович Капустин;Саянск;пр. Линейный, д. 2/3 к. 40;Рено Россия (Renault);Автоэлектрик;+7 270 042 3636;kallistratmerkushev@mail.ru;1998-02-17;34227
Илья Эдгарович Борисов;Каспийск;ш. Аэродромное, д. 485;Хендэ Мотор СНГ (Hyundai);Инженер-химик;8 (014) 184-32-07;tit_1988@hotmail.com;1945-04-24;26885
Александрова Элеонора Владиславовна;Яхрома;алл. Подлесная, д. 1/1 стр. 6/6;Техинком;Следователь;8 (477) 122-08-58;mamontovdemjan@gmail.com;1979-06-14;21275
Станислав Владиленович Беспалов;Барнаул;наб. Радужная, д. 660;Российские сети;Невролог;+7 909 057 7122;wsavin@mail.ru;1970-03-28;136493
Любовь Семеновна Сазонова;Муром;пр. Колхозный, д. 6 стр. 934;Хенкель Рус (Henkel);Сурдолог;+7 (753) 566-69-75;ilarionmaslov@gmail.com;1959-09-05;72396
Кондратьев Кузьма Владиславович;Щелково;бул. Зеленый, д. 2;UCL Holding;Гляциолог;83557253838;cbogdanova@gmail.com;1990-11-15;114336
Елисеев Лев Дмитриевич;Сладково;ш. Урицкого, д. 23 к. 8;ВкусВилл;Каменотёс;+74644553433;mitofan_45@yahoo.com;1944-02-29;23762
Тимур Артёмович Сазонов;Темрюк;ш. Хвойное, д. 2/7;Мобильные телесистемы;Ревматолог;+7 (914) 512-5048;klavdi55@hotmail.com;1952-02-08;152641
Кошелева Светлана Семеновна;Диксон;пер. Сплавный, д. 1 стр. 83;Металлокомплект-М;Фотомодель;8 (967) 644-24-63;kabanovmili@gmail.com;1984-03-01;26330
Никитина Регина Игоревна;Пушкинские Горы;бул. Аэродромный, д. 818 стр. 9;Почта России;Бактериолог;+7 406 568 90 16;teterinnarkis@hotmail.com;1987-05-12;173092
Дроздов Арефий Феоктистович;Ардон;пр. З.Космодемьянской, д. 1/1 к. 274;ПК Балтика (Carlsbergfondet);Монтажник;+7 (521) 623-4098;kulaginzinovi@hotmail.com;1953-06-18;171634
Степанова Евгения Станиславовна;Амурск;пер. Шолохова, д. 592;Группа компаний ПИК;Эндоскопист;+7 122 237 2046;elena1992@hotmail.com;1995-06-12;21867
Фаина Святославовна Галкина;Слюдянка;алл. Енисейская, д. 86;Фармимэкс;Проректор;81267413909;fzimina@hotmail.com;1976-09-07;149780
Евгения Яковлевна Журавлева;Печора;бул. Ленинский, д. 3;Элко Рус (Elko);Лётчик;8 689 832 3757;ezhukov@yahoo.com;1936-05-01;136394
Азарий Игнатович Евдокимов;Ногинск (Моск.);ш. Донское, д. 1 стр. 8/4;АНГК;Командир;8 622 012 05 39;vladimirovavera@yahoo.com;2003-05-26;144987
Одинцова Алла Харитоновна;Бодайбо;ш. Деповское, д. 2/8;Группа Илим;Автогонщик;8 954 869 48 92;mili_68@yahoo.com;1937-10-07;190692
Котов Епифан Якубович;Старый Оскол;ул. Космическая, д. 504;Familia;Логопед;8 (318) 072-06-05;mihalovaklavdija@hotmail.com;1952-07-01;74543
Панфилов Федор Владиславович;Мончегорск;пер. Верхний, д. 845 стр. 9/9;Кари;Кинолог;8 (292) 367-30-05;nazarovvelimir@rambler.ru;1968-07-20;134704
Лора Алексеевна Колобова;Палана;алл. Спортивная, д. 7/6 к. 6;Сталепромышленная компания;Фортификатор;+7 (466) 278-4893;uljana_2002@rambler.ru;1962-02-21;144642
Носов Устин Жоресович;Снежинск;ш. Победы, д. 3/9;ФортеИнвест;Дирижёр;8 (157) 835-1034;karl_50@yandex.ru;1937-01-24;146024
Алексеева Наина Георгиевна;Тутаев;алл. Загородная, д. 724 к. 757;Стройгазмонтаж;Инженер КИПиА;+7 054 127 54 68;valerija15@mail.ru;1936-06-21;122541
Василиса Геннадьевна Гусева;Избербаш;ш. Гаражное, д. 180;Катрен;Машинист;8 (703) 475-3370;gedeon_43@yandex.ru;1977-08-07;175253
Ия Петровна Кулагина;Ноглики;пр. Карла Либкнехта, д. 894;Гала-Форм;Кок;+7 (349) 536-62-46;dobromisl_08@hotmail.com;1987-10-10;68611
Ксения Юрьевна Белоусова;Раменское;ш. Зои Космодемьянской, д. 396 к. 88;ФГ Будущее;Упаковщик;8 (129) 047-3373;semen2016@yahoo.com;1998-01-02;31718
Гусев Евгений Арсеньевич;Шатура;алл. Ягодная, д. 7 к. 162;СОГАЗ;Косметолог;8 (330) 099-51-93;ikomarova@yandex.ru;1977-11-16;172791
Лаврентьев Демид Гаврилович;Красноярск;ул. Гражданская, д. 4/6 стр. 61;Петропавловск;Священнослужитель;+72775462558;dementevladimir@rambler.ru;1977-05-20;64039
Петухов Анисим Димитриевич;Кажим;наб. Луначарского, д. 38;Российские железные дороги;Эколог;8 104 601 07 60;ladislav_2004@yahoo.com;1957-04-20;94690
Филимон Артёмович Кузьмин;Тавда;пер. Марта 8, д. 7/9 стр. 15;ГК ЕКС;Военный консультант;+7 (888) 790-0182;panfilovairaida@rambler.ru;1984-06-25;124327
Орлова Ирина Тимофеевна;Каргасок;бул. Розы Люксембург, д. 7/8;Торговая сеть Красное и Белое;Финансист;8 384 924 0283;efimovoleg@yahoo.com;1989-06-06;197661
Евпраксия Юрьевна Комиссарова;Рубцовск;бул. Мая 1, д. 20 к. 5;ГМК Сплав;Оператор коллцентра;+7 (264) 923-9634;grigori_1974@hotmail.com;1971-07-27;108852
Ян Матвеевич Сидоров;Аша;ул. Советская, д. 33 стр. 4;СК Согласие;Радиомеханик;8 (622) 250-93-66;averki30@yandex.ru;1991-09-11;90853
Туров Фотий Глебович;Пермь;бул. Пушкина, д. 8/5 к. 556;Сибирская горно-металлургическая компания;Булочник;8 (881) 792-56-28;mihail2015@rambler.ru;1964-12-22;144584
Митофан Анатольевич Кудрявцев;Кежма;ш. Петровское, д. 2/2 к. 60;Славянск Эко;Кладовщик;8 (993) 404-4652;pahom_35@rambler.ru;1972-03-22;176173
Жанна Анатольевна Воронова;Чикола;алл. Боровая, д. 252 к. 3;ФГ Будущее;Веб-программист;8 948 230 9098;petrnovikov@gmail.com;1977-12-13;125746
Клавдия Григорьевна Логинова;Благовещенск (Амур.);ш. Октябрьское, д. 946 к. 835;Северсталь;Подводник;+73358125863;belovkasjan@yahoo.com;1977-09-25;48161
Селиван Федотович Зимин;Белорецк;алл. Хуторская, д. 1 к. 307;Углетранс;Работник органов ЗАГСа;8 824 299 79 31;ribakovmir@rambler.ru;1973-05-29;160154
Радислав Елисеевич Беспалов;Шатура;бул. 50 лет Октября, д. 687 стр. 8/4;Mail.Ru Group;Машинист;86559250359;harlampi_99@gmail.com;2001-05-22;89492
Галина Артемовна Фомина;Всеволожск;алл. Кольцевая, д. 8 стр. 6/4;Металлокомплект-М;Водитель;8 773 481 29 85;nina_2018@gmail.com;1961-01-29;117425
Шестаков Аггей Борисович;Невьянск;ул. Энергетиков, д. 7/6;СК Согласие;Адвокат;+7 655 699 5823;arkadi2009@yahoo.com;1966-01-07;59943
Евсеева Ия Антоновна;Новороссийка;ш. Коллективное, д. 5/9 стр. 8;Иркутская нефтяная компания;Телохранитель;8 (724) 838-2667;david_24@rambler.ru;1989-10-11;40378
Дорофеев Емельян Зиновьевич;Урюпинск;ш. Коммунаров, д. 380 к. 30;Фольксваген Груп Рус;Повар;+7 216 143 33 52;pavlovsolomon@rambler.ru;1971-11-11;167028
Зинаида Станиславовна Шубина;Мурманск;наб. Свободная, д. 15;Национальная компьютерная корпорация;Логопед;+7 (108) 459-6478;golubevvarlaam@yahoo.com;1973-10-30;119967
Галина Афанасьевна Жданова;Зеленогорск (Ленин.);ул. Монтажников, д. 4/1 к. 94;Новосибирскэнергосбыт;Торакальный хирург;+73407165029;anzhela1972@yahoo.com;1974-08-18;145868
Самсонов Макар Харлампович;Обнинск;пр. Сосновый, д. 9;Ман Трак Энд Бас Рус (Volkswagen);Табаковод;85865456729;suhanovereme@gmail.com;1966-07-29;35225
Ларионов Софон Евсеевич;Поронайск;пр. Харьковский, д. 7;Мособлгаз;Ортодонт;8 863 114 1515;sofon2014@hotmail.com;1985-10-25;47844
Ковалев Никифор Давидович;Усть-Кулом;ул. Толбухина, д. 7/5 к. 990;ВО Машиноимпорт;Официант;+7 (349) 975-04-11;gushchinaraisa@hotmail.com;1999-09-15;85986
Пелагея Вадимовна Прохорова;Курильск;пер. Рылеева, д. 6/3 к. 800;Группа компаний ПИК;Военный юрист;8 (688) 309-7517;andreevsidor@yahoo.com;1938-08-06;128273
Вероника Никифоровна Гришина;Шадринск;пр. Коммунистический, д. 2;Кари;Сантехник;8 738 496 22 88;oleg_90@yandex.ru;1950-12-04;195117
Вероника Рубеновна Пономарева;Туапсе;наб. Октябрьская, д. 7/3;БАСФ (BASF);Радист;+7 (963) 220-22-99;germanavdeev@rambler.ru;1990-02-28;85761
Пелагея Аскольдовна Виноградова;Каменномостский;ул. Горняцкая, д. 505 к. 956;Петролеум Трейдинг;Оториноларинголог;+7 411 254 65 58;kveselov@yahoo.com;1984-12-28;186867
Щербакова Анжелика Борисовна;Киров (Вятка);наб. Космонавтов, д. 1 к. 766;Армтек;Радиотелефонист;+7 (616) 915-85-73;zosima_33@rambler.ru;1958-11-19;108056
Котова Лукия Алексеевна;Юровск;ул. Литейная, д. 972 стр. 423;Объединенная энергетическая компания;Логик;8 (604) 485-5186;cponomareva@hotmail.com;1974-08-23;144753
Хохлов Моисей Владленович;Карачаевск;бул. Короленко, д. 41 к. 5/1;Татэнерго;Автослесарь;+7 647 138 27 60;fedor24@gmail.com;1993-02-11;132499
Князева Александра Григорьевна;Пинега;ул. Юности, д. 223 к. 218;Модум-транс;Редактор;+7 648 725 95 27;dementevtverdislav@yahoo.com;1968-02-13;33568
Карпова Фаина Ефимовна;Углегорск;ул. Народная, д. 6/3;Спортмастер;Стоматолог;+7 619 235 59 53;jakovlevavasilisa@yahoo.com;1944-05-09;100309
Бурова Лора Ефимовна;Красноселькуп;ш. Клары Цеткин, д. 1 к. 8/9;Шнейдер Электрик (Schneider Electric);Маляр;+7 (347) 284-28-44;tsemenova@yahoo.com;2001-07-07;31218
Симонова Ирина Богдановна;Североморск;бул. Гражданский, д. 7/2;Брок-Инвест-Сервис и К;Патологоанатом;+7 (530) 780-5883;ljubov60@gmail.com;1951-05-19;70061
Ольга Ивановна Орлова;Липецк;пр. Максима Горького, д. 41 к. 9;Протек;Скульптор;+7 492 745 49 33;efremovatatjana@rambler.ru;1961-10-23;190631
Фаина Васильевна Панова;Карабудахкент;алл. Веселая, д. 2/6 стр. 5/9;Уральские локомотивы;Швейцар;+70510678957;fokinaanzhela@hotmail.com;2002-05-26;21441
Потапова Антонина Ильинична;Троицко-Печорск;наб. Карбышева, д. 9 к. 85;Проктер Энд Гэмбл. Дистрибьюторская компания (Procter & Gamble);Хореограф;+74041132526;zhuravleviosif@gmail.com;1996-12-27;125741
Раиса Кузьминична Виноградова;Поярково;пер. Курчатова, д. 61 к. 7;Акрон;Копирайтер;8 539 021 92 24;karp58@rambler.ru;1974-12-31;136256
Ильин Пимен Валерьянович;Шатой;наб. Тукая, д. 4 стр. 8/1;ПК Борец;Военный дознаватель;8 678 185 1344;lobanovaalla@mail.ru;1983-06-03;175249
Регина Тимуровна Михайлова;Старый Оскол;пр. Николаева, д. 801;Газпром;Дилер;+7 737 039 9039;varlaam00@gmail.com;1952-03-23;123162
Лобанов Мина Дорофеевич;Черняховск;пр. Кубанский, д. 1;Азбука вкуса;Мануалист;+7 538 749 1962;avgust_67@mail.ru;1998-04-29;182234
Август Исидорович Тихонов;Кингисепп;пр. Р.Люксембург, д. 9;Roust;Упаковщик;+7 948 869 99 68;suhanovsokrat@gmail.com;1975-01-22;112201
Зуева Элеонора Александровна;Белорецк;пер. Островского, д. 3 стр. 7/8;Нефтиса;Организатор свадеб;8 (417) 764-4613;knjazevivan@gmail.com;1992-09-07;64675
Алина Геннадиевна Горшкова;Сосногорск;пр. Крупской, д. 613 стр. 4;Джонсон & Джонсон (Johnson & Johnson);Клинер;8 632 282 94 02;anna_61@rambler.ru;1991-08-08;182601
Полина Семеновна Князева;Печора;алл. Пирогова, д. 7/4;Снежная Королева;Драпировщик;+7 136 827 4091;kir_1984@hotmail.com;1957-11-29;139098
Осипова Лариса Аскольдовна;Малгобек;наб. Снежная, д. 482;ГК Орими Трэйд;Композитор;8 (844) 769-35-32;jakov2009@rambler.ru;1987-05-04;54979
Клавдия Богдановна Морозова;Карпинск;алл. Украинская, д. 344;ТМК;Мастер маникюра;+7 (702) 217-93-76;egor55@gmail.com;1998-08-09;171248
Капитон Федосьевич Молчанов;Тамбей;ш. Пожарского, д. 8 к. 50;Московский аэропорт Домодедово;Маркетолог;+7 090 334 1885;polina_2003@mail.ru;1948-07-01;59628
Белякова Евпраксия Артемовна;Андреаполь;бул. Транспортный, д. 1;Группа РЕСО;Историк;+72800543000;blinovelise@mail.ru;1963-12-13;169683
Богдан Жоресович Антонов;Билибино;ш. Маркса, д. 5/6;Метафракс;Ихтиолог;+7 (369) 850-33-82;julija_1995@rambler.ru;1981-01-08;92840
Людмила Егоровна Петухова;Тавда;бул. Менделеева, д. 82 к. 2/8;Уральский банк реконструкции и развития;Психотерапевт;+76333199550;ernest82@mail.ru;1998-10-28;162787
Евгений Артурович Миронов;Ставрополь;пр. Кузнечный, д. 5/8;Международный аэропорт Шереметьево;Миколог;+7 (937) 217-4548;davidovvladislav@hotmail.com;1975-05-09;106937
Тамара Кузьминична Осипова;Шарья;бул. Чапаева, д. 9 стр. 464;ЛокоТех;Портье;8 (511) 422-5058;mitofan92@mail.ru;1996-01-12;20439
Нина Максимовна Пономарева;Усолье Сибирское;пер. Совхозный, д. 253 стр. 9;Нова;Контент-менеджер;+7 593 736 5582;konstantin85@rambler.ru;1972-05-11;120677
Алла Юрьевна Миронова;Шумиха;пр. Фадеева, д. 3 к. 805;ГК Мегаполис;Футуролог;+7 (173) 908-2070;pavel_53@mail.ru;1971-02-11;133109
Лыткина Фёкла Михайловна;Бомнак;наб. Ударная, д. 1;Башкирская содовая компания;Программист;+7 680 338 1776;valeri92@rambler.ru;1941-08-14;159837
Азарий Бориславович Галкин;Ершов;ул. Школьная, д. 6 к. 75;Автодом;Булочник;+7 905 535 9494;lazar_1985@yahoo.com;1995-11-22;156394
Игнатова Ия Григорьевна;Кировск (Мурм.);ул. Рябиновая, д. 7 к. 83;Трансмашхолдинг;Донкерман;8 (714) 599-4631;ignatovaangelina@yahoo.com;2001-01-28;136747
Муравьев Арсений Абрамович;Салехард;бул. Безымянный, д. 3;ГСЛ;Машинист локомотива;8 (418) 154-9567;dmitrievsilanti@yandex.ru;1996-02-29;174246
Лонгин Феоктистович Бобров;Черемхово;ул. 70 лет Октября, д. 30 стр. 15;Белгранкорм-холдинг;Жиловщик/Обвальщик;+72313611928;petraksenov@rambler.ru;1938-09-24;133293
Синклитикия Макаровна Котова;Бугульма;ш. Радужное, д. 379 стр. 8/8;Саткинский чугуноплавильный завод;Шлифовщик;+7 041 023 7905;panovgorde@yahoo.com;1963-08-13;91969
Ермолай Ильясович Титов;Тула;алл. Тукая, д. 971 стр. 13;Инвестнефтетрейд;Художник;81544468430;antonovavera@rambler.ru;1947-06-30;126874
Максимова Элеонора Константиновна;Диксон;бул. Циолковского, д. 9 к. 91;Фармстандарт;Радиолог;8 736 182 86 40;oksana_2019@yandex.ru;1964-03-17;26837
Евгений Димитриевич Сысоев;Зеленогорск (Ленин.);пр. Станционный, д. 67 к. 192;Метро Кэш энд Керри (Metro Cash & Carry);Инфекционист;8 (188) 815-66-53;ivanovazoja@yahoo.com;1990-11-16;64801
Феликс Ильясович Зыков;Холмск;пр. Свободы, д. 50;ВО ЖДТ России;Холодильщик;+7 (190) 635-2943;fedot38@yahoo.com;1948-08-16;140953
Олимпиада Ефимовна Нестерова;Качканар;пер. Энергетический, д. 4 к. 797;Свеза;Следователь;+7 (704) 924-99-85;ratmir24@hotmail.com;1971-10-17;149760
Лукин Исай Якубович;Снежногорск (Мурм.);ш. Труда, д. 3/3 к. 547;СДС-Уголь;Военный полицейский;+7 (429) 734-1970;vissarionpestov@yandex.ru;1995-05-06;45545
Попов Святослав Фадеевич;Кондопога;ул. Звездная, д. 179;Саткинский чугуноплавильный завод;Пожарный;+7 608 467 1369;vatslavsidorov@hotmail.com;1976-07-23;151980
Софон Абрамович Степанов;Кондопога;ул. Ушакова, д. 881 к. 7/3;Госкорпорация по ОрВД;Зоолог;+77344486846;nknjazev@rambler.ru;1978-08-05;102913
Ия Сергеевна Воронова;Усть-Кулом;пр. Энергетический, д. 5/9 стр. 582;Концерн Титан-2;Доула;+74300143054;sigizmund91@hotmail.com;1946-05-30;113574
Гурьева Пелагея Аскольдовна;Ступино;наб. Войкова, д. 17 стр. 1/9;Нефтехимремстрой;Криптозоолог;+7 (185) 037-76-02;gordeevprov@yandex.ru;1997-08-27;147091
Андреев Любомир Ермилович;Курган;пр. Тюленина, д. 132 к. 9/9;Эбботт лэбораториз (Abbott Laboratories);Палеонтолог;89941059489;klimentponomarev@gmail.com;1991-07-28;162841
Валентина Семеновна Васильева;Орск;ш. Петровское, д. 58 стр. 914;Луидор;Рефлексотерапевт;8 389 781 2433;kazakovaeleonora@gmail.com;1991-04-19;126109
Исай Артемьевич Фролов;Новокузнецк;ул. Кольцова, д. 3/3 стр. 2/7;Ozon;Ортопед;8 (777) 432-3320;ostap42@yandex.ru;1994-08-22;158825
Акулина Даниловна Рыбакова;Березники;ш. Российское, д. 508 к. 4;Военторг;Оператор машинного доения;+7 301 662 13 85;maslovluka@hotmail.com;1999-10-18;188311
Лобанова Евфросиния Евгеньевна;Томари;алл. Космодемьянской, д. 1 стр. 47;Шелл Нефть (Shell);Астроном;+72286953802;veronika_93@rambler.ru;1954-09-18;159117
Тарас Афанасьевич Абрамов;Ербогачен;ш. Российское, д. 8 стр. 8/8;Импэкснефтехим;Десантник;8 (739) 001-07-38;pankrat66@gmail.com;2002-08-18;56549
Федор Владиславович Бобров;Россошь;ш. Краснодарское, д. 95 к. 960;Титан;Кабельщик;+73763163990;selivanseleznev@mail.ru;1983-01-13;58210
Константинова Лукия Федоровна;Шали;пер. Новостройка, д. 8/2;Госкорпорация по ОрВД;Таможенник;+75894727758;gagafonova@rambler.ru;1967-05-31;190099
Клавдия Болеславовна Зимина;Арзамас;ул. Тихая, д. 9/7 к. 4;Сибирская аграрная группа;Литейщик;+7 (090) 459-73-82;andreevigor@rambler.ru;1991-06-17;172201
Кудряшов Селиверст Архипович;Оса;пр. Чайковского, д. 1/8 стр. 2;АНГК;Тележурналист;+7 (990) 317-3849;vorobevisidor@gmail.com;1958-02-23;189430
Кулакова Евфросиния Валериевна;Кущевская;алл. Санаторная, д. 5/1;Краснодарзернопродукт-Экспо;Физик;+7 078 174 70 22;suvorovviktorin@gmail.com;1999-05-10;162533
Алла Романовна Дроздова;Алдан;ул. Нагорная, д. 4 стр. 5;Велесстрой;Кинорежиссер;+7 130 548 73 20;jan1993@mail.ru;1982-07-23;135775
Дьячков Панкрат Демидович;Лодейное Поле;пер. Приморский, д. 265 к. 99;Соллерс;Радиолог;8 (646) 329-73-02;frolovserge@hotmail.com;1936-02-23;27905
Пантелеймон Бориславович Тихонов;Шилка;бул. Пионерский, д. 51;Металлокомплект-М;Инженер по Технике Безопасности;+77316041750;nikandr84@yandex.ru;1983-10-26;80996
Баранова Ия Вениаминовна;Магнитогорск;пр. Цветочный, д. 6/2;Балтийская топливная компания;Мельник;+7 (572) 560-07-63;afanasi_2021@mail.ru;1937-05-28;145498
Суворов Радован Жоресович;Батайск;ш. Химиков, д. 2/7 стр. 685;Марс (Mars);Агроном;+7 (500) 564-05-85;borisarhipov@rambler.ru;1960-07-15;67957
Мишина Элеонора Григорьевна;Учалы;бул. Декабристов, д. 287 стр. 261;Ашинский металлургический завод;Географ;+7 920 628 5414;danilalukin@yandex.ru;1976-01-31;145140
Юрий Демидович Фомичев;Дно;ул. Энгельса, д. 120 к. 9/7;Зерно-трейд;Инженер-химик;+7 984 423 6122;ilebedeva@yahoo.com;1983-01-23;20743
Алевтина Кирилловна Беляева;Диксон;пр. Молодежный, д. 5 стр. 7/5;ВымпелКом;Метрдотель;8 (068) 292-3975;arseni49@yahoo.com;1962-01-06;174930
Евсеева Кира Тарасовна;Надым;пр. Халтурина, д. 6/5 к. 467;НК Дулисьма;Эксперт-криминалист;8 730 324 26 37;velimir_77@gmail.com;1942-11-24;56059
Агафонов Януарий Харлампьевич;Иркутск;бул. Кутузова, д. 55 к. 5;Гознак;Начальник склада;8 (463) 834-6919;ermakovorest@yandex.ru;1970-04-27;34319
Остромир Ермолаевич Кудряшов;Вендинга;пер. Серова, д. 3 к. 98;Ренессанс Кредит;Гидролог;83373132781;birjukovamarija@yahoo.com;1942-07-18;97999
Боян Харитонович Михайлов;Киржач;пр. Украинский, д. 949;Дж.Т.И. Россия (JTI);Режиссёр;+7 (098) 198-5523;elise34@mail.ru;1985-05-02;67897
Григорьев Модест Игнатович;Барнаул;пр. Первомайский, д. 3 к. 6;ТМК Чермет;Сталевар;+72725368209;sigizmund40@mail.ru;1967-06-19;177502
Никита Трифонович Белов;Ачхой Мартан;алл. Толбухина, д. 2 к. 2;ЕвроСибЭнерго;Агроном;8 (014) 359-28-67;korolevaelena@yahoo.com;1954-07-09;57223
Гусева Зинаида Артемовна;Усмань;алл. Циолковского, д. 2 к. 806;Первый завод;Палеонтолог;8 (536) 382-75-19;grigorevaveronika@mail.ru;1938-10-26;131197
Юлия Борисовна Соболева;Новая Игирма;ул. Черняховского, д. 1 стр. 7/2;ТМК Чермет;Мерчандайзер;8 (998) 728-93-50;galkinfortunat@mail.ru;1945-01-16;101289
София Викторовна Кулакова;Льгов;пр. Полярный, д. 16;РЕ Трэйдинг (LPP);Художник по свету;8 190 735 7897;mili_07@mail.ru;1973-05-24;128519
Глафира Георгиевна Волкова;Солнечногорск;пер. Приозерный, д. 48 к. 233;ДК Рус;Пекарь;+7 (457) 967-69-81;kazimir_2004@yandex.ru;1956-07-05;54989
Лавр Бориславович Котов;Костомукша;ш. Окружное, д. 1/9 к. 5;Велесстрой;Механик-Водитель;8 (541) 127-70-69;beljaevalidija@mail.ru;1971-09-12;165544
Антип Елизарович Брагин;Лянтор;пр. Лермонтова, д. 504 к. 5;АвтоГермес;Технолог;+7 767 307 71 31;muhincheslav@rambler.ru;1984-06-08;72787
Поляков Афиноген Юлианович;Гдов;алл. Строительная, д. 52 стр. 3;ГМК Сплав;Метранпаж;+7 (952) 648-72-98;vasiliborisov@yahoo.com;1984-11-15;198308
Эмилия Феликсовна Беляева;Сунтар;ш. ДОС, д. 94;Новороссийский морской торговый порт;Палеонтолог;8 998 915 00 35;sitnikovavksenti@yahoo.com;1981-08-18;21390
Аристарх Эдуардович Владимиров;Петрозаводск;пер. Советов, д. 448;Уралвтормет;Повар;8 240 534 51 90;lora52@yahoo.com;2001-03-04;161096
Натан Георгиевич Рябов;Невельск;пр. Ярославский, д. 1;Банк Русский стандарт;Инженер-взрывотехник;8 504 582 9241;tsvetkovpotap@gmail.com;1994-10-05;69353
Дементьева Надежда Болеславовна;Пушкино (Моск.);наб. Сенная, д. 8 стр. 7;ММК;Почтальон;8 070 733 9318;vissarion26@mail.ru;1939-01-05;199596
Кулагин Будимир Ярославович;Завьялиха;пр. Коммунаров, д. 6/6 к. 863;ГК Автомир;Выпускающий редактор;8 (025) 683-4007;nikandrkostin@gmail.com;1979-12-03;46085
Нина Антоновна Костина;Белореченск;пр. Волочаевский, д. 509 к. 1/8;Русская медная компания;Веб-мастер;+7 (790) 680-7646;ostap_1992@rambler.ru;1985-05-11;99254
Изяслав Даниилович Симонов;Оса;алл. Ленина, д. 55;АНГК;Телемастер;+7 773 983 01 80;seleznevfeoktist@rambler.ru;1957-08-24;166791
Буров Самсон Данилович;Ставрополь;ул. Мостовая, д. 38 стр. 943;Неофарм;Автогонщик;+7 (163) 066-12-07;litkinnikita@yahoo.com;1995-11-14;198089
Родионова Нинель Владиславовна;Слюдянка;пер. 40 лет Победы, д. 45 стр. 91;Славнефть;Военный переводчик;8 (531) 625-38-44;raisa1995@gmail.com;1941-11-19;90762
Варвара Владимировна Сафонова;Карпинск;ш. Киевское, д. 4/8;Fix Price;Парикмахер;8 256 189 8043;kazimir_43@yahoo.com;2001-10-20;175247
Кузьма Игнатович Костин;Курск;пер. Монтажников, д. 2;Петролеум Трейдинг;Военный дознаватель;8 847 948 1323;blinovsvetozar@gmail.com;1954-11-18;70390
Нонна Вениаминовна Лыткина;Усть-Калманка;пр. Кирпичный, д. 39;Группа ЛСР;Оператор ПК;8 (782) 603-0707;silinairina@gmail.com;1998-01-31;118148
Адам Харлампович Шашков;Карпинск;пер. Краснодарский, д. 18 к. 693;Эйч Энд Эм (H&M);Техник;+7 (973) 936-9041;firstsvetkov@gmail.com;1968-08-06;189685
Игнатов Парфен Августович;Шатой;пр. Путевой, д. 7 к. 741;Объединенная судостроительная корпорация;Начальник склада;+7 (986) 441-34-25;prohorovafinogen@gmail.com;1944-03-04;116184
Горшков Виктор Федотович;Усолье Сибирское;алл. Лазо, д. 8/5;Группа Газфонд;Нейрохирург;8 (671) 187-85-35;mihalovsavvati@mail.ru;1972-12-03;39501
Валерия Вадимовна Маслова;Сызрань;ш. Чайкиной, д. 93 стр. 3;Группа Мэйджор;Геодезист;8 484 150 6227;sofon34@hotmail.com;1973-01-24;44104
Спартак Фадеевич Ларионов;Ербогачен;ш. Кленовое, д. 2;Втормет;Системный администратор;86536778388;kopilovapelageja@gmail.com;1952-09-06;105530
Воробьев Радим Авдеевич;Нарткала;ш. Кирпичное, д. 9 стр. 61;Мария-Ра;Оператор вооружения;8 031 856 30 65;bikovaleksandr@yandex.ru;1958-08-13;85121
Зайцев Петр Артемьевич;Дудинка;ул. Котовского, д. 8/9;Новороссийский морской торговый порт;Кредитный консультант;+7 (428) 027-21-62;nikodimkorolev@gmail.com;1937-11-12;123709
Абрамов Емельян Анатольевич;Новосибирск;наб. Большевистская, д. 784;Петролеум Трейдинг;Разведчик;8 388 845 6866;maksim1974@mail.ru;1964-02-27;36413
